{
  "project_info": {
    "project_number": "713375494057",
    "project_id": "examenjueves-55f52",
    "storage_bucket": "examenjueves-55f52.appspot.com"
  },
  "client": [
    {
      "client_info": {
        "mobilesdk_app_id": "1:713375494057:android:480745ab98fc6552c59eb8",
        "android_client_info": {
          "package_name": "com.example.myapplication"
        }
      },
      "oauth_client": [],
      "api_key": [
        {
          "current_key": "AIzaSyCTrbi73ejBuCQY3suh_EyQCXtiOE-z9JI"
        }
      ],
      "services": {
        "appinvite_service": {
          "other_platform_oauth_client": []
        }
      }
    }
  ],
  "configuration_version": "1"
}